0,0,24,13,0,0
1,0,25,13,0,0
3,0,8,2,0,0
4,0,9,2,0,0
5,0,10,2,0,0
6,0,11,2,0,0
7,0,12,2,0,0
16,0,5,56,0,0
17,0,5,56,0,0
18,0,5,56,0,0
19,0,7,52,0,0
31,0,14,0,0,0
32,0,15,0,0,0
33,0,16,0,0,0
34,0,17,0,0,0
35,0,18,0,0,0
38,0,1,1,0,0
39,0,2,1,0,0
41,0,8,0,0,0
42,0,8,0,0,0
43,0,8,0,0,0
44,0,7,1,0,0
0,1,24,14,0,0
1,1,25,14,0,0
3,1,8,3,0,0
4,1,9,3,0,0
5,1,10,3,0,0
6,1,11,3,0,0
7,1,12,3,0,0
16,1,5,56,0,0
17,1,6,65,0,0
18,1,8,51,0,0
19,1,10,51,0,0
22,1,11,51,0,2
31,1,2,10,0,0
32,1,3,10,0,0
33,1,4,10,0,0
34,1,5,10,0,0
35,1,18,1,0,0
41,1,8,0,0,0
42,1,8,0,0,0
43,1,8,0,0,0
44,1,7,2,0,0
0,2,24,15,0,0
1,2,25,15,0,0
3,2,8,4,0,0
4,2,9,4,0,0
5,2,10,4,0,0
6,2,11,4,0,0
7,2,12,4,0,0
9,2,22,13,0,0
16,2,5,66,0,0
17,2,7,57,0,0
18,2,8,65,0,0
22,2,11,51,0,0
30,2,14,0,0,0
31,2,2,11,0,0
32,2,3,11,0,0
33,2,4,11,0,0
34,2,5,11,0,0
35,2,17,0,0,0
36,2,18,0,0,0
41,2,8,0,0,0
42,2,8,0,0,0
43,2,8,0,0,0
44,2,8,0,0,0
2,3,33,11,0,0
3,3,8,5,0,0
4,3,9,5,0,0
5,3,10,5,0,0
6,3,11,5,0,0
7,3,12,5,0,0
9,3,22,14,0,0
16,3,5,67,0,0
17,3,7,58,0,0
18,3,8,66,0,0
30,3,14,1,0,0
35,3,18,0,0,0
36,3,18,1,0,0
37,3,8,0,0,0
41,3,8,0,0,0
42,3,8,0,0,0
43,3,8,0,0,0
44,3,8,0,0,0
3,4,8,6,0,0
4,4,9,6,0,0
5,4,10,6,0,0
6,4,11,6,0,0
7,4,12,6,0,0
9,4,22,15,0,0
16,4,5,68,0,0
17,4,7,59,0,0
18,4,8,67,0,0
35,4,18,1,0,0
38,4,8,0,0,0
39,4,8,0,0,0
40,4,8,0,0,0
41,4,8,0,0,0
42,4,6,11,0,0
43,4,7,11,0,0
44,4,8,11,0,0
7,5,12,7,0,0
8,5,16,27,0,0
9,5,17,27,0,0
10,5,18,27,0,0
11,5,19,27,0,0
16,5,5,69,0,0
17,5,7,68,0,0
23,5,42,60,0,0
24,5,43,60,0,0
25,5,44,60,0,0
26,5,44,60,0,0
38,5,8,0,0,0
39,5,8,0,0,0
40,5,8,0,0,0
41,5,8,0,0,0
42,5,6,12,0,0
43,5,7,12,0,0
44,5,8,12,0,0
7,6,12,8,0,0
23,6,42,61,0,0
24,6,43,61,0,0
25,6,44,61,0,0
26,6,44,61,0,0
30,6,42,60,0,0
31,6,43,60,0,0
32,6,44,60,0,0
39,6,8,0,0,0
40,6,8,0,0,0
41,6,8,0,0,0
7,7,16,27,0,0
23,7,42,62,0,0
24,7,43,62,0,0
25,7,44,62,0,0
26,7,44,62,0,0
30,7,42,61,0,0
31,7,43,61,0,0
32,7,44,61,0,0
39,7,2,8,0,0
40,7,8,0,0,0
41,7,8,0,0,0
7,8,16,27,0,0
23,8,42,63,0,0
24,8,43,63,0,0
25,8,44,63,0,0
26,8,44,63,0,0
30,8,42,62,0,0
31,8,43,62,0,0
32,8,44,62,0,0
6,9,16,27,0,0
7,9,17,27,0,0
17,9,42,60,0,0
18,9,43,60,0,0
19,9,44,60,0,0
20,9,44,60,0,0
30,9,42,63,0,0
31,9,43,63,0,0
32,9,44,63,0,0
6,10,16,27,0,0
7,10,17,27,0,0
8,10,18,27,0,0
9,10,19,27,0,0
10,10,19,28,0,0
13,10,42,60,0,0
14,10,42,60,0,0
15,10,43,60,0,0
16,10,44,60,0,0
17,10,44,60,0,0
18,10,44,60,0,0
19,10,44,60,0,0
20,10,42,60,0,0
6,11,16,28,0,0
7,11,17,28,0,0
8,11,18,28,0,0
9,11,19,28,0,0
10,11,19,29,0,0
13,11,42,61,0,0
14,11,42,60,0,0
15,11,43,60,0,0
16,11,44,60,0,0
17,11,44,61,0,0
18,11,44,61,0,0
19,11,44,61,0,0
20,11,42,60,0,0
28,11,44,60,0,0
6,12,16,29,0,0
7,12,17,29,0,0
8,12,18,29,0,0
9,12,19,29,0,0
13,12,42,62,0,0
14,12,42,60,0,0
15,12,42,60,0,0
16,12,43,60,0,0
17,12,44,60,0,0
18,12,44,62,0,0
19,12,44,62,0,0
20,12,42,60,0,0
21,12,43,60,0,0
22,12,44,60,0,0
23,12,44,62,0,0
24,12,44,62,0,0
25,12,44,60,0,0
26,12,44,62,0,0
27,12,44,61,0,0
28,12,44,61,0,0
29,12,44,60,0,0
13,13,42,63,0,0
14,13,42,61,0,0
15,13,42,60,0,0
16,13,42,60,0,0
17,13,43,60,0,0
18,13,44,60,0,0
19,13,44,63,0,0
20,13,42,60,0,0
21,13,43,60,0,0
22,13,44,60,0,0
23,13,44,63,0,0
24,13,44,63,0,0
25,13,44,61,0,0
26,13,44,63,0,0
27,13,44,62,0,0
28,13,44,62,0,0
29,13,44,61,0,0
14,14,42,62,0,0
15,14,42,61,0,0
16,14,42,60,0,0
17,14,42,60,0,0
18,14,43,60,0,0
19,14,44,60,0,0
20,14,42,60,0,0
21,14,43,60,0,0
22,14,44,60,0,0
23,14,43,63,0,0
24,14,44,63,0,0
25,14,44,62,0,0
26,14,44,63,0,0
27,14,44,63,0,0
28,14,44,63,0,0
29,14,44,62,0,0
14,15,42,63,0,0
15,15,42,62,0,0
16,15,42,61,0,0
17,15,42,60,0,0
18,15,42,60,0,0
19,15,43,60,0,0
20,15,42,60,0,0
21,15,43,60,0,0
22,15,44,60,0,0
27,15,42,63,0,0
28,15,43,63,0,0
29,15,44,63,0,0
30,15,43,60,0,0
31,15,44,60,0,0
36,15,42,60,0,0
37,15,43,60,0,0
38,15,44,60,0,0
15,16,42,63,0,0
16,16,42,62,0,0
17,16,42,61,0,0
18,16,42,60,0,0
19,16,42,60,0,0
20,16,42,60,0,0
21,16,43,60,0,0
22,16,44,60,0,0
28,16,42,61,0,0
29,16,42,60,0,0
30,16,42,60,0,0
31,16,43,60,0,0
32,16,44,60,0,0
36,16,42,61,0,0
37,16,43,61,0,0
38,16,44,61,0,0
16,17,42,63,0,0
17,17,42,62,0,0
18,17,42,61,0,0
19,17,42,61,0,0
20,17,42,60,0,0
21,17,42,60,0,0
22,17,43,60,0,0
28,17,42,62,0,0
29,17,42,61,0,0
30,17,42,61,0,0
31,17,42,60,0,0
32,17,43,60,0,0
33,17,44,60,0,0
36,17,42,62,0,0
37,17,43,62,0,0
38,17,44,62,0,0
39,17,44,62,0,0
40,17,44,61,0,0
17,18,42,63,0,0
18,18,42,62,0,0
19,18,42,62,0,0
20,18,42,61,0,0
21,18,42,60,0,0
22,18,43,60,0,0
28,18,42,63,0,0
29,18,42,62,0,0
30,18,42,62,0,0
31,18,42,61,0,0
32,18,42,60,0,0
33,18,42,60,0,0
34,18,42,60,0,0
35,18,42,60,0,0
36,18,42,63,0,0
37,18,43,63,0,0
38,18,44,63,0,0
39,18,44,63,0,0
40,18,44,62,0,0
18,19,42,63,0,0
19,19,42,63,0,0
20,19,42,62,0,0
21,19,42,60,0,0
22,19,43,60,0,0
29,19,42,63,0,0
30,19,42,63,0,0
31,19,42,60,0,0
32,19,42,61,0,0
33,19,42,61,0,0
34,19,42,61,0,0
35,19,42,61,0,0
36,19,42,61,0,0
37,19,42,63,0,0
38,19,43,63,0,0
39,19,44,63,0,0
40,19,44,63,0,0
20,20,42,63,0,0
21,20,42,61,0,0
22,20,43,61,0,0
31,20,42,61,0,0
32,20,42,62,0,0
33,20,42,62,0,0
34,20,42,62,0,0
35,20,42,62,0,0
36,20,42,62,0,0
37,20,42,63,0,0
38,20,42,63,0,0
39,20,43,63,0,0
40,20,44,63,0,0
21,21,42,62,0,0
22,21,43,62,0,0
23,21,51,48,0,0
24,21,52,48,0,0
25,21,53,48,0,0
26,21,54,48,0,0
31,21,42,62,0,0
32,21,42,63,0,0
33,21,42,63,0,0
34,21,42,63,0,0
35,21,42,63,0,0
36,21,42,63,0,0
37,21,42,63,0,0
38,21,43,63,0,0
39,21,44,63,0,0
21,22,42,63,0,0
22,22,43,63,0,0
23,22,51,49,0,0
24,22,52,49,0,0
25,22,53,49,0,0
26,22,54,49,0,0
31,22,42,63,0,0
32,22,42,63,0,0
33,22,43,63,0,0
34,22,44,63,0,0
23,23,51,50,0,0
24,23,52,50,0,0
25,23,53,50,0,0
26,23,54,50,0,0
20,24,46,43,0,0
21,24,47,43,0,0
22,24,48,43,0,0
23,24,51,51,0,0
24,24,52,51,0,0
25,24,53,51,0,0
26,24,54,51,0,0
27,24,57,43,0,0
28,24,58,43,0,0
29,24,59,43,0,0
20,25,46,44,0,0
21,25,47,44,0,0
22,25,48,44,0,0
23,25,51,52,0,0
24,25,52,52,0,0
25,25,53,52,0,0
26,25,54,52,0,0
27,25,57,44,0,0
28,25,58,44,0,0
29,25,59,44,0,0
20,26,46,45,0,0
21,26,47,45,0,0
22,26,48,45,0,0
23,26,51,53,0,0
24,26,52,53,0,0
25,26,53,53,0,0
26,26,54,53,0,0
27,26,57,45,0,0
28,26,58,45,0,0
29,26,59,45,0,0
0,27,46,43,0,0
1,27,47,43,0,0
2,27,48,43,0,0
3,27,51,55,0,0
4,27,51,55,0,0
5,27,52,55,0,0
6,27,53,55,0,0
7,27,54,55,0,0
8,27,54,55,0,0
9,27,51,55,0,0
10,27,52,55,0,0
11,27,53,55,0,0
12,27,54,55,0,0
13,27,54,55,0,0
14,27,51,55,0,0
15,27,52,55,0,0
16,27,53,55,0,0
17,27,54,55,0,0
19,27,57,55,0,0
20,27,58,55,0,0
21,27,59,55,0,0
22,27,48,46,0,0
23,27,51,54,0,0
24,27,52,54,0,0
25,27,53,54,0,0
26,27,54,54,0,0
27,27,57,46,0,0
28,27,46,55,0,0
29,27,47,55,0,0
30,27,48,55,0,0
32,27,51,55,0,0
33,27,52,55,0,0
34,27,53,55,0,0
35,27,54,55,0,0
36,27,51,55,0,0
37,27,51,55,0,0
38,27,52,55,0,0
39,27,53,55,0,0
40,27,54,55,0,0
41,27,57,43,0,0
42,27,57,43,0,0
43,27,58,43,0,0
44,27,59,43,0,0
0,28,46,44,0,0
1,28,47,44,0,0
2,28,48,44,0,0
3,28,51,56,0,0
4,28,51,56,0,0
5,28,52,56,0,0
6,28,53,56,0,0
7,28,54,56,0,0
8,28,54,56,0,0
9,28,51,56,0,0
10,28,52,56,0,0
11,28,53,56,0,0
12,28,54,56,0,0
13,28,54,56,0,0
14,28,51,56,0,0
15,28,52,56,0,0
16,28,53,56,0,0
17,28,54,56,0,0
18,28,54,44,0,0
19,28,57,56,0,0
20,28,58,56,0,0
21,28,59,56,0,0
28,28,46,56,0,0
29,28,47,56,0,0
30,28,48,56,0,0
31,28,51,44,0,0
32,28,51,56,0,0
33,28,52,56,0,0
34,28,53,56,0,0
35,28,54,56,0,0
36,28,51,56,0,0
37,28,51,56,0,0
38,28,52,56,0,0
39,28,53,56,0,0
40,28,54,56,0,0
41,28,57,44,0,0
42,28,57,44,0,0
43,28,58,44,0,0
44,28,59,44,0,0
0,29,46,45,0,0
1,29,47,45,0,0
2,29,48,45,0,0
3,29,51,57,0,0
4,29,51,57,0,0
5,29,52,57,0,0
6,29,53,57,0,0
7,29,54,57,0,0
8,29,54,57,0,0
9,29,51,57,0,0
10,29,52,57,0,0
11,29,53,57,0,0
12,29,54,57,0,0
13,29,54,57,0,0
14,29,51,57,0,0
15,29,52,57,0,0
16,29,53,57,0,0
17,29,54,57,0,0
18,29,54,45,0,0
19,29,57,57,0,0
20,29,58,57,0,0
21,29,59,57,0,0
28,29,46,57,0,0
29,29,47,57,0,0
30,29,48,57,0,0
31,29,51,45,0,0
32,29,51,57,0,0
33,29,52,57,0,0
34,29,53,57,0,0
35,29,54,57,0,0
36,29,51,57,0,0
37,29,51,57,0,0
38,29,52,57,0,0
39,29,53,57,0,0
40,29,54,57,0,0
41,29,57,45,0,0
42,29,57,45,0,0
43,29,58,45,0,0
44,29,59,45,0,0
